{
  "project_info": {
    "project_number": "342930364712",
    "project_id": "tirthgold-27acb",
    "storage_bucket": "tirthgold-27acb.appspot.com"
  },
  "client": [
    {
      "client_info": {
        "mobilesdk_app_id": "1:342930364712:android:12bb65782bef8980f9181d",
        "android_client_info": {
          "package_name": "com.mycompany.tirthgold"
        }
      },
      "oauth_client": [],
      "api_key": [
        {
          "current_key": "AIzaSyAJ2cAHemwmwnwLY2m1iC0hkNQu8J5Zcvo"
        }
      ],
      "services": {
        "appinvite_service": {
          "other_platform_oauth_client": []
        }
      }
    }
  ],
  "configuration_version": "1"
}